W1	W1
W2	W2
UNTR_d30_GR_M_a1	UNTR_GR_after
UNTR_d30_GR_M_a2	UNTR_GR_after
UNTR_d30_GR_M_a3	UNTR_GR_after
UNTR_d30_GR_M_a4	UNTR_GR_after
UNTR_d30_GR_M_a5	UNTR_GR_after
UNTR_d30_GR_M_a6	UNTR_GR_after
UNTR_d30_GR_M_a7	UNTR_GR_after
UNTR_d30_GR_M_a8	UNTR_GR_after
UNTR_d30_GR_M_a9	UNTR_GR_after
UNTR_d30_GR_M_a10	UNTR_GR_after
UNTR_d30_GR_F_a11	UNTR_GR_after
UNTR_d30_GR_F_a12	UNTR_GR_after
UNTR_d30_GR_F_a13	UNTR_GR_after
UNTR_d30_GR_F_a14	UNTR_GR_after
UNTR_d30_GR_F_a15	UNTR_GR_after
UNTR_d30_GR_F_a16	UNTR_GR_after
UNTR_d30_GR_F_a17	UNTR_GR_after
UNTR_d30_GR_F_a18	UNTR_GR_after
UNTR_d30_GR_F_a19	UNTR_GR_after
UNTR_d30_GR_F_a20	UNTR_GR_after
UNTR_d30_LJ_M_a1	UNTR_LJ_after
UNTR_d30_LJ_M_a2	UNTR_LJ_after
UNTR_d30_LJ_M_a3	UNTR_LJ_after
UNTR_d30_LJ_M_a4	UNTR_LJ_after
UNTR_d30_LJ_M_a5	UNTR_LJ_after
UNTR_d30_LJ_M_a6	UNTR_LJ_after
UNTR_d30_LJ_M_a7	UNTR_LJ_after
UNTR_d30_LJ_M_a8	UNTR_LJ_after
UNTR_d30_LJ_M_a10	UNTR_LJ_after
UNTR_d30_LJ_F_a11	UNTR_LJ_after
UNTR_d30_LJ_F_a12	UNTR_LJ_after
UNTR_d30_LJ_F_a13	UNTR_LJ_after
UNTR_d30_LJ_F_a14	UNTR_LJ_after
UNTR_d30_LJ_F_a15	UNTR_LJ_after
UNTR_d30_LJ_F_a16	UNTR_LJ_after
UNTR_d30_LJ_F_a17	UNTR_LJ_after
UNTR_d30_LJ_F_a18	UNTR_LJ_after
UNTR_d30_LJ_F_a19	UNTR_LJ_after
UNTR_d30_LJ_F_a20	UNTR_LJ_after
UNTR_d60_GR_M_a1	UNTR_GR_after
UNTR_d60_GR_M_a2	UNTR_GR_after
UNTR_d60_GR_M_a3	UNTR_GR_after
UNTR_d60_GR_M_a4	UNTR_GR_after
UNTR_d60_GR_M_a5	UNTR_GR_after
UNTR_d60_GR_M_a6	UNTR_GR_after
UNTR_d60_GR_M_a7	UNTR_GR_after
UNTR_d60_GR_M_a8	UNTR_GR_after
UNTR_d60_GR_M_a9	UNTR_GR_after
UNTR_d60_GR_M_a10	UNTR_GR_after
UNTR_d60_GR_F_a11	UNTR_GR_after
UNTR_d60_GR_F_a12	UNTR_GR_after
UNTR_d60_GR_F_a13	UNTR_GR_after
UNTR_d60_GR_F_a14	UNTR_GR_after
UNTR_d60_GR_F_a15	UNTR_GR_after
UNTR_d60_GR_F_a16	UNTR_GR_after
UNTR_d60_GR_F_a17	UNTR_GR_after
UNTR_d60_GR_F_a18	UNTR_GR_after
UNTR_d60_GR_F_a19	UNTR_GR_after
UNTR_d60_GR_F_a20	UNTR_GR_after
UNTR_d60_LJ_M_a1	UNTR_LJ_after
UNTR_d60_LJ_M_a2	UNTR_LJ_after
UNTR_d60_LJ_M_a3	UNTR_LJ_after
UNTR_d60_LJ_M_a4	UNTR_LJ_after
UNTR_d60_LJ_M_a5	UNTR_LJ_after
UNTR_d60_LJ_M_a6	UNTR_LJ_after
UNTR_d60_LJ_M_a7	UNTR_LJ_after
UNTR_d60_LJ_M_a8	UNTR_LJ_after
UNTR_d60_LJ_M_a9	UNTR_LJ_after
UNTR_d60_LJ_M_a10	UNTR_LJ_after
UNTR_d60_LJ_F_a11	UNTR_LJ_after
UNTR_d60_LJ_F_a12	UNTR_LJ_after
UNTR_d60_LJ_F_a13	UNTR_LJ_after
UNTR_d60_LJ_F_a14	UNTR_LJ_after
UNTR_d60_LJ_F_a15	UNTR_LJ_after
UNTR_d60_LJ_F_a16	UNTR_LJ_after
UNTR_d60_LJ_F_a17	UNTR_LJ_after
UNTR_d60_LJ_F_a18	UNTR_LJ_after
UNTR_d60_LJ_F_a19	UNTR_LJ_after
UNTR_d60_LJ_F_a20	UNTR_LJ_after
UNTR_d-2_GR_M_a1	UNTR_GR_before
UNTR_d-2_GR_M_a2	UNTR_GR_before
UNTR_d-2_GR_M_a3	UNTR_GR_before
UNTR_d-2_GR_M_a4	UNTR_GR_before
UNTR_d-2_GR_M_a5	UNTR_GR_before
UNTR_d-2_GR_M_a6	UNTR_GR_before
UNTR_d-2_GR_M_a7	UNTR_GR_before
UNTR_d-2_GR_M_a8	UNTR_GR_before
UNTR_d-2_GR_M_a9	UNTR_GR_before
UNTR_d-2_GR_M_a10	UNTR_GR_before
UNTR_d-2_GR_F_a11	UNTR_GR_before
UNTR_d-2_GR_F_a12	UNTR_GR_before
UNTR_d-2_GR_F_a13	UNTR_GR_before
UNTR_d-2_GR_F_a14	UNTR_GR_before
UNTR_d-2_GR_F_a15	UNTR_GR_before
UNTR_d-2_GR_F_a16	UNTR_GR_before
UNTR_d-2_GR_F_a17	UNTR_GR_before
UNTR_d-2_GR_F_a18	UNTR_GR_before
UNTR_d-2_GR_F_a19	UNTR_GR_before
UNTR_d-2_GR_F_a20	UNTR_GR_before
UNTR_d-2_LJ_M_a1	UNTR_LJ_before
UNTR_d-2_LJ_M_a2	UNTR_LJ_before
UNTR_d-2_LJ_M_a3	UNTR_LJ_before
UNTR_d-2_LJ_M_a4	UNTR_LJ_before
UNTR_d-2_LJ_M_a5	UNTR_LJ_before
UNTR_d-2_LJ_M_a6	UNTR_LJ_before
UNTR_d-2_LJ_M_a7	UNTR_LJ_before
UNTR_d-2_LJ_M_a8	UNTR_LJ_before
UNTR_d-2_LJ_M_a9	UNTR_LJ_before
UNTR_d-2_LJ_M_a10	UNTR_LJ_before
UNTR_d-2_LJ_F_a11	UNTR_LJ_before
UNTR_d-2_LJ_F_a12	UNTR_LJ_before
UNTR_d-2_LJ_F_a13	UNTR_LJ_before
UNTR_d-2_LJ_F_a14	UNTR_LJ_before
UNTR_d-2_LJ_F_a15	UNTR_LJ_before
UNTR_d-2_LJ_F_a16	UNTR_LJ_before
UNTR_d-2_LJ_F_a17	UNTR_LJ_before
UNTR_d-2_LJ_F_a18	UNTR_LJ_before
UNTR_d-2_LJ_F_a19	UNTR_LJ_before
UNTR_d-2_LJ_F_a20	UNTR_LJ_before
UNTR_d1_GR_M_a1	UNTR_GR_before
UNTR_d1_GR_M_a2	UNTR_GR_before
UNTR_d1_GR_M_a3	UNTR_GR_before
UNTR_d1_GR_M_a4	UNTR_GR_before
UNTR_d1_GR_M_a5	UNTR_GR_before
UNTR_d1_GR_M_a6	UNTR_GR_before
UNTR_d1_GR_M_a7	UNTR_GR_before
UNTR_d1_GR_M_a8	UNTR_GR_before
UNTR_d1_GR_M_a9	UNTR_GR_before
UNTR_d1_GR_M_a10	UNTR_GR_before
UNTR_d1_GR_F_a11	UNTR_GR_before
UNTR_d1_GR_F_a12	UNTR_GR_before
UNTR_d1_GR_F_a13	UNTR_GR_before
UNTR_d1_GR_F_a14	UNTR_GR_before
UNTR_d1_GR_F_a15	UNTR_GR_before
UNTR_d1_GR_F_a16	UNTR_GR_before
UNTR_d1_GR_F_a17	UNTR_GR_before
UNTR_d1_GR_F_a18	UNTR_GR_before
UNTR_d1_GR_F_a19	UNTR_GR_before
UNTR_d1_GR_F_a20	UNTR_GR_before
UNTR_d1_LJ_M_a1	UNTR_LJ_before
UNTR_d1_LJ_M_a2	UNTR_LJ_before
UNTR_d1_LJ_M_a3	UNTR_LJ_before
UNTR_d1_LJ_M_a4	UNTR_LJ_before
UNTR_d1_LJ_M_a5	UNTR_LJ_before
UNTR_d1_LJ_M_a6	UNTR_LJ_before
UNTR_d1_LJ_M_a7	UNTR_LJ_before
UNTR_d1_LJ_M_a8	UNTR_LJ_before
UNTR_d1_LJ_M_a9	UNTR_LJ_before
UNTR_d1_LJ_M_a10	UNTR_LJ_before
UNTR_d1_LJ_F_a11	UNTR_LJ_before
UNTR_d1_LJ_F_a12	UNTR_LJ_before
UNTR_d1_LJ_F_a13	UNTR_LJ_before
UNTR_d1_LJ_F_a14	UNTR_LJ_before
UNTR_d1_LJ_F_a15	UNTR_LJ_before
UNTR_d1_LJ_F_a16	UNTR_LJ_before
UNTR_d1_LJ_F_a17	UNTR_LJ_before
UNTR_d1_LJ_F_a18	UNTR_LJ_before
UNTR_d1_LJ_F_a19	UNTR_LJ_before
UNTR_d1_LJ_F_a20	UNTR_LJ_before
UNTR_d3_GR_M_a1	UNTR_GR_during
UNTR_d3_GR_M_a2	UNTR_GR_during
UNTR_d3_GR_M_a3	UNTR_GR_during
UNTR_d3_GR_M_a4	UNTR_GR_during
UNTR_d3_GR_M_a5	UNTR_GR_during
UNTR_d3_GR_M_a6	UNTR_GR_during
UNTR_d3_GR_M_a7	UNTR_GR_during
UNTR_d3_GR_M_a8	UNTR_GR_during
UNTR_d3_GR_M_a9	UNTR_GR_during
UNTR_d3_GR_M_a10	UNTR_GR_during
UNTR_d3_GR_F_a11	UNTR_GR_during
UNTR_d3_GR_F_a12	UNTR_GR_during
UNTR_d3_GR_F_a13	UNTR_GR_during
UNTR_d3_GR_F_a14	UNTR_GR_during
UNTR_d3_GR_F_a15	UNTR_GR_during
UNTR_d3_GR_F_a16	UNTR_GR_during
UNTR_d3_GR_F_a17	UNTR_GR_during
UNTR_d3_GR_F_a18	UNTR_GR_during
UNTR_d3_GR_F_a19	UNTR_GR_during
UNTR_d3_GR_F_a20	UNTR_GR_during
UNTR_d3_LJ_M_a1	UNTR_LJ_during
UNTR_d3_LJ_M_a2	UNTR_LJ_during
UNTR_d3_LJ_M_a3	UNTR_LJ_during
UNTR_d3_LJ_M_a4	UNTR_LJ_during
UNTR_d3_LJ_M_a5	UNTR_LJ_during
UNTR_d3_LJ_M_a6	UNTR_LJ_during
UNTR_d3_LJ_M_a7	UNTR_LJ_during
UNTR_d3_LJ_M_a8	UNTR_LJ_during
UNTR_d3_LJ_M_a9	UNTR_LJ_during
UNTR_d3_LJ_M_a10	UNTR_LJ_during
UNTR_d3_LJ_F_a11	UNTR_LJ_during
UNTR_d3_LJ_F_a12	UNTR_LJ_during
UNTR_d3_LJ_F_a13	UNTR_LJ_during
UNTR_d3_LJ_F_a14	UNTR_LJ_during
UNTR_d3_LJ_F_a15	UNTR_LJ_during
UNTR_d3_LJ_F_a16	UNTR_LJ_during
UNTR_d3_LJ_F_a17	UNTR_LJ_during
UNTR_d3_LJ_F_a18	UNTR_LJ_during
UNTR_d3_LJ_F_a19	UNTR_LJ_during
UNTR_d3_LJ_F_a20	UNTR_LJ_during
UNTR_d5_GR_M_a1	UNTR_GR_during
UNTR_d5_GR_M_a2	UNTR_GR_during
UNTR_d5_GR_M_a3	UNTR_GR_during
UNTR_d5_GR_M_a4	UNTR_GR_during
UNTR_d5_GR_M_a5	UNTR_GR_during
UNTR_d5_GR_M_a6	UNTR_GR_during
UNTR_d5_GR_M_a7	UNTR_GR_during
UNTR_d5_GR_M_a8	UNTR_GR_during
UNTR_d5_GR_M_a9	UNTR_GR_during
UNTR_d5_GR_M_a10	UNTR_GR_during
UNTR_d5_GR_F_a11	UNTR_GR_during
UNTR_d5_GR_F_a12	UNTR_GR_during
UNTR_d5_GR_F_a13	UNTR_GR_during
UNTR_d5_GR_F_a14	UNTR_GR_during
UNTR_d5_GR_F_a15	UNTR_GR_during
UNTR_d5_GR_F_a16	UNTR_GR_during
UNTR_d5_GR_F_a17	UNTR_GR_during
UNTR_d5_GR_F_a18	UNTR_GR_during
UNTR_d5_GR_F_a19	UNTR_GR_during
UNTR_d5_GR_F_a20	UNTR_GR_during
UNTR_d5_LJ_M_a1	UNTR_LJ_during
UNTR_d5_LJ_M_a2	UNTR_LJ_during
UNTR_d5_LJ_M_a3	UNTR_LJ_during
UNTR_d5_LJ_M_a4	UNTR_LJ_during
UNTR_d5_LJ_M_a5	UNTR_LJ_during
UNTR_d5_LJ_M_a6	UNTR_LJ_during
UNTR_d5_LJ_M_a7	UNTR_LJ_during
UNTR_d5_LJ_M_a8	UNTR_LJ_during
UNTR_d5_LJ_M_a10	UNTR_LJ_during
UNTR_d5_LJ_F_a11	UNTR_LJ_during
UNTR_d5_LJ_F_a12	UNTR_LJ_during
UNTR_d5_LJ_F_a13	UNTR_LJ_during
UNTR_d5_LJ_F_a14	UNTR_LJ_during
UNTR_d5_LJ_F_a15	UNTR_LJ_during
UNTR_d5_LJ_F_a16	UNTR_LJ_during
UNTR_d5_LJ_F_a17	UNTR_LJ_during
UNTR_d5_LJ_F_a18	UNTR_LJ_during
UNTR_d5_LJ_F_a19	UNTR_LJ_during
UNTR_d5_LJ_F_a20	UNTR_LJ_during
UNTR_d8_GR_M_a1	UNTR_GR_during
UNTR_d8_GR_M_a2	UNTR_GR_during
UNTR_d8_GR_M_a3	UNTR_GR_during
UNTR_d8_GR_M_a4	UNTR_GR_during
UNTR_d8_GR_M_a5	UNTR_GR_during
UNTR_d8_GR_M_a6	UNTR_GR_during
UNTR_d8_GR_M_a7	UNTR_GR_during
UNTR_d8_GR_M_a8	UNTR_GR_during
UNTR_d8_GR_M_a9	UNTR_GR_during
UNTR_d8_GR_M_a10	UNTR_GR_during
UNTR_d8_GR_F_a11	UNTR_GR_during
UNTR_d8_GR_F_a12	UNTR_GR_during
UNTR_d8_GR_F_a13	UNTR_GR_during
UNTR_d8_GR_F_a14	UNTR_GR_during
UNTR_d8_GR_F_a15	UNTR_GR_during
UNTR_d8_GR_F_a16	UNTR_GR_during
UNTR_d8_GR_F_a17	UNTR_GR_during
UNTR_d8_GR_F_a18	UNTR_GR_during
UNTR_d8_GR_F_a19	UNTR_GR_during
UNTR_d8_GR_F_a20	UNTR_GR_during
UNTR_d8_LJ_M_a1	UNTR_LJ_during
UNTR_d8_LJ_M_a2	UNTR_LJ_during
UNTR_d8_LJ_M_a3	UNTR_LJ_during
UNTR_d8_LJ_M_a4	UNTR_LJ_during
UNTR_d8_LJ_M_a5	UNTR_LJ_during
UNTR_d8_LJ_M_a6	UNTR_LJ_during
UNTR_d8_LJ_M_a7	UNTR_LJ_during
UNTR_d8_LJ_M_a8	UNTR_LJ_during
UNTR_d8_LJ_M_a10	UNTR_LJ_during
UNTR_d8_LJ_F_a11	UNTR_LJ_during
UNTR_d8_LJ_F_a12	UNTR_LJ_during
UNTR_d8_LJ_F_a13	UNTR_LJ_during
UNTR_d8_LJ_F_a14	UNTR_LJ_during
UNTR_d8_LJ_F_a15	UNTR_LJ_during
UNTR_d8_LJ_F_a16	UNTR_LJ_during
UNTR_d8_LJ_F_a17	UNTR_LJ_during
UNTR_d8_LJ_F_a18	UNTR_LJ_during
UNTR_d8_LJ_F_a19	UNTR_LJ_during
UNTR_d8_LJ_F_a20	UNTR_LJ_during
UNTR_d10_GR_M_a1	UNTR_GR_during
UNTR_d10_GR_M_a2	UNTR_GR_during
UNTR_d10_GR_M_a3	UNTR_GR_during
UNTR_d10_GR_M_a4	UNTR_GR_during
UNTR_d10_GR_M_a5	UNTR_GR_during
UNTR_d10_GR_M_a6	UNTR_GR_during
UNTR_d10_GR_M_a7	UNTR_GR_during
UNTR_d10_GR_M_a8	UNTR_GR_during
UNTR_d10_GR_M_a9	UNTR_GR_during
UNTR_d10_GR_M_a10	UNTR_GR_during
UNTR_d10_GR_F_a11	UNTR_GR_during
UNTR_d10_GR_F_a12	UNTR_GR_during
UNTR_d10_GR_F_a13	UNTR_GR_during
UNTR_d10_GR_F_a14	UNTR_GR_during
UNTR_d10_GR_F_a15	UNTR_GR_during
UNTR_d10_GR_F_a16	UNTR_GR_during
UNTR_d10_GR_F_a17	UNTR_GR_during
UNTR_d10_GR_F_a18	UNTR_GR_during
UNTR_d10_GR_F_a19	UNTR_GR_during
UNTR_d10_GR_F_a20	UNTR_GR_during
UNTR_d10_LJ_M_a1	UNTR_LJ_during
UNTR_d10_LJ_M_a2	UNTR_LJ_during
UNTR_d10_LJ_M_a3	UNTR_LJ_during
UNTR_d10_LJ_M_a4	UNTR_LJ_during
UNTR_d10_LJ_M_a5	UNTR_LJ_during
UNTR_d10_LJ_M_a6	UNTR_LJ_during
UNTR_d10_LJ_M_a7	UNTR_LJ_during
UNTR_d10_LJ_M_a8	UNTR_LJ_during
UNTR_d10_LJ_M_a10	UNTR_LJ_during
UNTR_d10_LJ_F_a11	UNTR_LJ_during
UNTR_d10_LJ_F_a12	UNTR_LJ_during
UNTR_d10_LJ_F_a13	UNTR_LJ_during
UNTR_d10_LJ_F_a14	UNTR_LJ_during
UNTR_d10_LJ_F_a15	UNTR_LJ_during
UNTR_d10_LJ_F_a16	UNTR_LJ_during
UNTR_d10_LJ_F_a17	UNTR_LJ_during
UNTR_d10_LJ_F_a18	UNTR_LJ_during
UNTR_d10_LJ_F_a19	UNTR_LJ_during
UNTR_d10_LJ_F_a20	UNTR_LJ_during
CMT_d30_GR_M_a61	CMT_GR_after
CMT_d30_GR_M_a62	CMT_GR_after
CMT_d30_GR_M_a63	CMT_GR_after
CMT_d30_GR_M_a64	CMT_GR_after
CMT_d30_GR_M_a65	CMT_GR_after
CMT_d30_GR_M_a66	CMT_GR_after
CMT_d30_GR_M_a67	CMT_GR_after
CMT_d30_GR_M_a68	CMT_GR_after
CMT_d30_GR_M_a69	CMT_GR_after
CMT_d30_GR_M_a70	CMT_GR_after
CMT_d30_GR_F_a71	CMT_GR_after
CMT_d30_GR_F_a72	CMT_GR_after
CMT_d30_GR_F_a73	CMT_GR_after
CMT_d30_GR_F_a74	CMT_GR_after
CMT_d30_GR_F_a75	CMT_GR_after
CMT_d30_GR_F_a76	CMT_GR_after
CMT_d30_GR_F_a77	CMT_GR_after
CMT_d30_GR_F_a78	CMT_GR_after
CMT_d30_GR_F_a79	CMT_GR_after
CMT_d30_GR_F_a80	CMT_GR_after
CMT_d30_LJ_M_a61	CMT_LJ_after
CMT_d30_LJ_M_a62	CMT_LJ_after
CMT_d30_LJ_M_a63	CMT_LJ_after
CMT_d30_LJ_M_a64	CMT_LJ_after
CMT_d30_LJ_M_a65	CMT_LJ_after
CMT_d30_LJ_M_a66	CMT_LJ_after
CMT_d30_LJ_M_a67	CMT_LJ_after
CMT_d30_LJ_M_a68	CMT_LJ_after
CMT_d30_LJ_M_a69	CMT_LJ_after
CMT_d30_LJ_M_a70	CMT_LJ_after
CMT_d30_LJ_F_a71	CMT_LJ_after
CMT_d30_LJ_F_a72	CMT_LJ_after
CMT_d30_LJ_F_a73	CMT_LJ_after
CMT_d30_LJ_F_a74	CMT_LJ_after
CMT_d30_LJ_F_a75	CMT_LJ_after
CMT_d30_LJ_F_a76	CMT_LJ_after
CMT_d30_LJ_F_a77	CMT_LJ_after
CMT_d30_LJ_F_a78	CMT_LJ_after
CMT_d30_LJ_F_a79	CMT_LJ_after
CMT_d30_LJ_F_a80	CMT_LJ_after
CMT_d60_GR_M_a61	CMT_GR_after
CMT_d60_GR_M_a62	CMT_GR_after
CMT_d60_GR_M_a63	CMT_GR_after
CMT_d60_GR_M_a64	CMT_GR_after
CMT_d60_GR_M_a65	CMT_GR_after
CMT_d60_GR_M_a66	CMT_GR_after
CMT_d60_GR_M_a67	CMT_GR_after
CMT_d60_GR_M_a68	CMT_GR_after
CMT_d60_GR_M_a69	CMT_GR_after
CMT_d60_GR_M_a70	CMT_GR_after
CMT_d60_GR_F_a71	CMT_GR_after
CMT_d60_GR_F_a72	CMT_GR_after
CMT_d60_GR_F_a73	CMT_GR_after
CMT_d60_GR_F_a74	CMT_GR_after
CMT_d60_GR_F_a75	CMT_GR_after
CMT_d60_GR_F_a76	CMT_GR_after
CMT_d60_GR_F_a77	CMT_GR_after
CMT_d60_GR_F_a78	CMT_GR_after
CMT_d60_GR_F_a79	CMT_GR_after
CMT_d60_GR_F_a80	CMT_GR_after
CMT_d60_LJ_M_a61	CMT_LJ_after
CMT_d60_LJ_M_a62	CMT_LJ_after
CMT_d60_LJ_M_a63	CMT_LJ_after
CMT_d60_LJ_M_a64	CMT_LJ_after
CMT_d60_LJ_M_a65	CMT_LJ_after
CMT_d60_LJ_M_a66	CMT_LJ_after
CMT_d60_LJ_M_a67	CMT_LJ_after
CMT_d60_LJ_M_a68	CMT_LJ_after
CMT_d60_LJ_M_a69	CMT_LJ_after
CMT_d60_LJ_M_a70	CMT_LJ_after
CMT_d60_LJ_F_a71	CMT_LJ_after
CMT_d60_LJ_F_a72	CMT_LJ_after
CMT_d60_LJ_F_a73	CMT_LJ_after
CMT_d60_LJ_F_a74	CMT_LJ_after
CMT_d60_LJ_F_a75	CMT_LJ_after
CMT_d60_LJ_F_a76	CMT_LJ_after
CMT_d60_LJ_F_a77	CMT_LJ_after
CMT_d60_LJ_F_a78	CMT_LJ_after
CMT_d60_LJ_F_a79	CMT_LJ_after
CMT_d60_LJ_F_a80	CMT_LJ_after
CMT_d-2_GR_M_a61	CMT_GR_before
CMT_d-2_GR_M_a62	CMT_GR_before
CMT_d-2_GR_M_a63	CMT_GR_before
CMT_d-2_GR_M_a64	CMT_GR_before
CMT_d-2_GR_M_a65	CMT_GR_before
CMT_d-2_GR_M_a66	CMT_GR_before
CMT_d-2_GR_M_a67	CMT_GR_before
CMT_d-2_GR_M_a68	CMT_GR_before
CMT_d-2_GR_M_a69	CMT_GR_before
CMT_d-2_GR_M_a70	CMT_GR_before
CMT_d-2_GR_F_a71	CMT_GR_before
CMT_d-2_GR_F_a72	CMT_GR_before
CMT_d-2_GR_F_a73	CMT_GR_before
CMT_d-2_GR_F_a74	CMT_GR_before
CMT_d-2_GR_F_a75	CMT_GR_before
CMT_d-2_GR_F_a76	CMT_GR_before
CMT_d-2_GR_F_a77	CMT_GR_before
CMT_d-2_GR_F_a78	CMT_GR_before
CMT_d-2_GR_F_a79	CMT_GR_before
CMT_d-2_GR_F_a80	CMT_GR_before
CMT_d-2_LJ_M_a61	CMT_LJ_before
CMT_d-2_LJ_M_a62	CMT_LJ_before
CMT_d-2_LJ_M_a63	CMT_LJ_before
CMT_d-2_LJ_M_a64	CMT_LJ_before
CMT_d-2_LJ_M_a65	CMT_LJ_before
CMT_d-2_LJ_M_a66	CMT_LJ_before
CMT_d-2_LJ_M_a67	CMT_LJ_before
CMT_d-2_LJ_M_a68	CMT_LJ_before
CMT_d-2_LJ_M_a69	CMT_LJ_before
CMT_d-2_LJ_M_a70	CMT_LJ_before
CMT_d-2_LJ_F_a71	CMT_LJ_before
CMT_d-2_LJ_F_a72	CMT_LJ_before
CMT_d-2_LJ_F_a73	CMT_LJ_before
CMT_d-2_LJ_F_a74	CMT_LJ_before
CMT_d-2_LJ_F_a75	CMT_LJ_before
CMT_d-2_LJ_F_a76	CMT_LJ_before
CMT_d-2_LJ_F_a77	CMT_LJ_before
CMT_d-2_LJ_F_a78	CMT_LJ_before
CMT_d-2_LJ_F_a79	CMT_LJ_before
CMT_d-2_LJ_F_a80	CMT_LJ_before
CMT_d1_GR_M_a61	CMT_GR_before
CMT_d1_GR_M_a62	CMT_GR_before
CMT_d1_GR_M_a63	CMT_GR_before
CMT_d1_GR_M_a64	CMT_GR_before
CMT_d1_GR_M_a65	CMT_GR_before
CMT_d1_GR_M_a66	CMT_GR_before
CMT_d1_GR_M_a67	CMT_GR_before
CMT_d1_GR_M_a68	CMT_GR_before
CMT_d1_GR_M_a69	CMT_GR_before
CMT_d1_GR_M_a70	CMT_GR_before
CMT_d1_GR_F_a71	CMT_GR_before
CMT_d1_GR_F_a72	CMT_GR_before
CMT_d1_GR_F_a73	CMT_GR_before
CMT_d1_GR_F_a74	CMT_GR_before
CMT_d1_GR_F_a75	CMT_GR_before
CMT_d1_GR_F_a76	CMT_GR_before
CMT_d1_GR_F_a77	CMT_GR_before
CMT_d1_GR_F_a78	CMT_GR_before
CMT_d1_GR_F_a79	CMT_GR_before
CMT_d1_GR_F_a80	CMT_GR_before
CMT_d1_LJ_M_a61	CMT_LJ_before
CMT_d1_LJ_M_a62	CMT_LJ_before
CMT_d1_LJ_M_a63	CMT_LJ_before
CMT_d1_LJ_M_a64	CMT_LJ_before
CMT_d1_LJ_M_a65	CMT_LJ_before
CMT_d1_LJ_M_a66	CMT_LJ_before
CMT_d1_LJ_M_a67	CMT_LJ_before
CMT_d1_LJ_M_a68	CMT_LJ_before
CMT_d1_LJ_M_a69	CMT_LJ_before
CMT_d1_LJ_M_a70	CMT_LJ_before
CMT_d1_LJ_F_a71	CMT_LJ_before
CMT_d1_LJ_F_a72	CMT_LJ_before
CMT_d1_LJ_F_a73	CMT_LJ_before
CMT_d1_LJ_F_a74	CMT_LJ_before
CMT_d1_LJ_F_a75	CMT_LJ_before
CMT_d1_LJ_F_a76	CMT_LJ_before
CMT_d1_LJ_F_a77	CMT_LJ_before
CMT_d1_LJ_F_a78	CMT_LJ_before
CMT_d1_LJ_F_a79	CMT_LJ_before
CMT_d1_LJ_F_a80	CMT_LJ_before
CMT_d3_GR_M_a61	CMT_GR_during
CMT_d3_GR_M_a62	CMT_GR_during
CMT_d3_GR_M_a63	CMT_GR_during
CMT_d3_GR_M_a64	CMT_GR_during
CMT_d3_GR_M_a65	CMT_GR_during
CMT_d3_GR_M_a66	CMT_GR_during
CMT_d3_GR_M_a67	CMT_GR_during
CMT_d3_GR_M_a68	CMT_GR_during
CMT_d3_GR_M_a69	CMT_GR_during
CMT_d3_GR_M_a70	CMT_GR_during
CMT_d3_GR_F_a71	CMT_GR_during
CMT_d3_GR_F_a72	CMT_GR_during
CMT_d3_GR_F_a73	CMT_GR_during
CMT_d3_GR_F_a74	CMT_GR_during
CMT_d3_GR_F_a75	CMT_GR_during
CMT_d3_GR_F_a76	CMT_GR_during
CMT_d3_GR_F_a77	CMT_GR_during
CMT_d3_GR_F_a78	CMT_GR_during
CMT_d3_GR_F_a79	CMT_GR_during
CMT_d3_GR_F_a80	CMT_GR_during
CMT_d3_LJ_M_a61	CMT_LJ_during
CMT_d3_LJ_M_a62	CMT_LJ_during
CMT_d3_LJ_M_a63	CMT_LJ_during
CMT_d3_LJ_M_a64	CMT_LJ_during
CMT_d3_LJ_M_a65	CMT_LJ_during
CMT_d3_LJ_M_a66	CMT_LJ_during
CMT_d3_LJ_M_a67	CMT_LJ_during
CMT_d3_LJ_M_a68	CMT_LJ_during
CMT_d3_LJ_M_a69	CMT_LJ_during
CMT_d3_LJ_M_a70	CMT_LJ_during
CMT_d3_LJ_F_a71	CMT_LJ_during
CMT_d3_LJ_F_a72	CMT_LJ_during
CMT_d3_LJ_F_a73	CMT_LJ_during
CMT_d3_LJ_F_a74	CMT_LJ_during
CMT_d3_LJ_F_a75	CMT_LJ_during
CMT_d3_LJ_F_a76	CMT_LJ_during
CMT_d3_LJ_F_a77	CMT_LJ_during
CMT_d3_LJ_F_a78	CMT_LJ_during
CMT_d3_LJ_F_a79	CMT_LJ_during
CMT_d3_LJ_F_a80	CMT_LJ_during
CMT_d5_GR_M_a61	CMT_GR_during
CMT_d5_GR_M_a62	CMT_GR_during
CMT_d5_GR_M_a63	CMT_GR_during
CMT_d5_GR_M_a64	CMT_GR_during
CMT_d5_GR_M_a65	CMT_GR_during
CMT_d5_GR_M_a66	CMT_GR_during
CMT_d5_GR_M_a67	CMT_GR_during
CMT_d5_GR_M_a68	CMT_GR_during
CMT_d5_GR_M_a69	CMT_GR_during
CMT_d5_GR_M_a70	CMT_GR_during
CMT_d5_GR_F_a71	CMT_GR_during
CMT_d5_GR_F_a72	CMT_GR_during
CMT_d5_GR_F_a73	CMT_GR_during
CMT_d5_GR_F_a74	CMT_GR_during
CMT_d5_GR_F_a75	CMT_GR_during
CMT_d5_GR_F_a76	CMT_GR_during
CMT_d5_GR_F_a77	CMT_GR_during
CMT_d5_GR_F_a78	CMT_GR_during
CMT_d5_GR_F_a79	CMT_GR_during
CMT_d5_GR_F_a80	CMT_GR_during
CMT_d5_LJ_M_a61	CMT_LJ_during
CMT_d5_LJ_M_a62	CMT_LJ_during
CMT_d5_LJ_M_a63	CMT_LJ_during
CMT_d5_LJ_M_a64	CMT_LJ_during
CMT_d5_LJ_M_a65	CMT_LJ_during
CMT_d5_LJ_M_a66	CMT_LJ_during
CMT_d5_LJ_M_a67	CMT_LJ_during
CMT_d5_LJ_M_a68	CMT_LJ_during
CMT_d5_LJ_M_a69	CMT_LJ_during
CMT_d5_LJ_M_a70	CMT_LJ_during
CMT_d5_LJ_F_a71	CMT_LJ_during
CMT_d5_LJ_F_a72	CMT_LJ_during
CMT_d5_LJ_F_a73	CMT_LJ_during
CMT_d5_LJ_F_a74	CMT_LJ_during
CMT_d5_LJ_F_a75	CMT_LJ_during
CMT_d5_LJ_F_a76	CMT_LJ_during
CMT_d5_LJ_F_a77	CMT_LJ_during
CMT_d5_LJ_F_a78	CMT_LJ_during
CMT_d5_LJ_F_a79	CMT_LJ_during
CMT_d5_LJ_F_a80	CMT_LJ_during
CMT_d8_GR_M_a61	CMT_GR_during
CMT_d8_GR_M_a62	CMT_GR_during
CMT_d8_GR_M_a63	CMT_GR_during
CMT_d8_GR_M_a64	CMT_GR_during
CMT_d8_GR_M_a65	CMT_GR_during
CMT_d8_GR_M_a66	CMT_GR_during
CMT_d8_GR_M_a67	CMT_GR_during
CMT_d8_GR_M_a68	CMT_GR_during
CMT_d8_GR_M_a69	CMT_GR_during
CMT_d8_GR_M_a70	CMT_GR_during
CMT_d8_GR_F_a71	CMT_GR_during
CMT_d8_GR_F_a72	CMT_GR_during
CMT_d8_GR_F_a73	CMT_GR_during
CMT_d8_GR_F_a74	CMT_GR_during
CMT_d8_GR_F_a75	CMT_GR_during
CMT_d8_GR_F_a76	CMT_GR_during
CMT_d8_GR_F_a77	CMT_GR_during
CMT_d8_GR_F_a78	CMT_GR_during
CMT_d8_GR_F_a79	CMT_GR_during
CMT_d8_GR_F_a80	CMT_GR_during
CMT_d8_LJ_M_a61	CMT_LJ_during
CMT_d8_LJ_M_a62	CMT_LJ_during
CMT_d8_LJ_M_a63	CMT_LJ_during
CMT_d8_LJ_M_a64	CMT_LJ_during
CMT_d8_LJ_M_a65	CMT_LJ_during
CMT_d8_LJ_M_a66	CMT_LJ_during
CMT_d8_LJ_M_a67	CMT_LJ_during
CMT_d8_LJ_M_a68	CMT_LJ_during
CMT_d8_LJ_M_a69	CMT_LJ_during
CMT_d8_LJ_M_a70	CMT_LJ_during
CMT_d8_LJ_F_a71	CMT_LJ_during
CMT_d8_LJ_F_a72	CMT_LJ_during
CMT_d8_LJ_F_a73	CMT_LJ_during
CMT_d8_LJ_F_a74	CMT_LJ_during
CMT_d8_LJ_F_a75	CMT_LJ_during
CMT_d8_LJ_F_a76	CMT_LJ_during
CMT_d8_LJ_F_a77	CMT_LJ_during
CMT_d8_LJ_F_a78	CMT_LJ_during
CMT_d8_LJ_F_a79	CMT_LJ_during
CMT_d8_LJ_F_a80	CMT_LJ_during
CMT_d10_GR_M_a61	CMT_GR_during
CMT_d10_GR_M_a62	CMT_GR_during
CMT_d10_GR_M_a63	CMT_GR_during
CMT_d10_GR_M_a64	CMT_GR_during
CMT_d10_GR_M_a65	CMT_GR_during
CMT_d10_GR_M_a66	CMT_GR_during
CMT_d10_GR_M_a67	CMT_GR_during
CMT_d10_GR_M_a68	CMT_GR_during
CMT_d10_GR_M_a69	CMT_GR_during
CMT_d10_GR_M_a70	CMT_GR_during
CMT_d10_GR_F_a71	CMT_GR_during
CMT_d10_GR_F_a72	CMT_GR_during
CMT_d10_GR_F_a73	CMT_GR_during
CMT_d10_GR_F_a74	CMT_GR_during
CMT_d10_GR_F_a75	CMT_GR_during
CMT_d10_GR_F_a76	CMT_GR_during
CMT_d10_GR_F_a77	CMT_GR_during
CMT_d10_GR_F_a78	CMT_GR_during
CMT_d10_GR_F_a79	CMT_GR_during
CMT_d10_GR_F_a80	CMT_GR_during
CMT_d10_LJ_M_a61	CMT_LJ_during
CMT_d10_LJ_M_a62	CMT_LJ_during
CMT_d10_LJ_M_a63	CMT_LJ_during
CMT_d10_LJ_M_a64	CMT_LJ_during
CMT_d10_LJ_M_a65	CMT_LJ_during
CMT_d10_LJ_M_a66	CMT_LJ_during
CMT_d10_LJ_M_a67	CMT_LJ_during
CMT_d10_LJ_M_a68	CMT_LJ_during
CMT_d10_LJ_M_a69	CMT_LJ_during
CMT_d10_LJ_M_a70	CMT_LJ_during
CMT_d10_LJ_F_a71	CMT_LJ_during
CMT_d10_LJ_F_a72	CMT_LJ_during
CMT_d10_LJ_F_a73	CMT_LJ_during
CMT_d10_LJ_F_a74	CMT_LJ_during
CMT_d10_LJ_F_a75	CMT_LJ_during
CMT_d10_LJ_F_a76	CMT_LJ_during
CMT_d10_LJ_F_a77	CMT_LJ_during
CMT_d10_LJ_F_a78	CMT_LJ_during
CMT_d10_LJ_F_a79	CMT_LJ_during
CMT_d10_LJ_F_a80	CMT_LJ_during
ABX3CMT_d30_GR_M_a41	ABX3CMT_GR_after
ABX3CMT_d30_GR_M_a42	ABX3CMT_GR_after
ABX3CMT_d30_GR_M_a43	ABX3CMT_GR_after
ABX3CMT_d30_GR_M_a44	ABX3CMT_GR_after
ABX3CMT_d30_GR_M_a45	ABX3CMT_GR_after
ABX3CMT_d30_GR_M_a46	ABX3CMT_GR_after
ABX3CMT_d30_GR_M_a47	ABX3CMT_GR_after
ABX3CMT_d30_GR_M_a48	ABX3CMT_GR_after
ABX3CMT_d30_GR_M_a49	ABX3CMT_GR_after
ABX3CMT_d30_GR_M_a50	ABX3CMT_GR_after
ABX3CMT_d30_GR_F_a51	ABX3CMT_GR_after
ABX3CMT_d30_GR_F_a52	ABX3CMT_GR_after
ABX3CMT_d30_GR_F_a53	ABX3CMT_GR_after
ABX3CMT_d30_GR_F_a54	ABX3CMT_GR_after
ABX3CMT_d30_GR_F_a55	ABX3CMT_GR_after
ABX3CMT_d30_GR_F_a56	ABX3CMT_GR_after
ABX3CMT_d30_GR_F_a57	ABX3CMT_GR_after
ABX3CMT_d30_GR_F_a58	ABX3CMT_GR_after
ABX3CMT_d30_GR_F_a59	ABX3CMT_GR_after
ABX3CMT_d30_GR_F_a60	ABX3CMT_GR_after
ABX3CMT_d30_LJ_M_a41	ABX3CMT_LJ_after
ABX3CMT_d30_LJ_M_a42	ABX3CMT_LJ_after
ABX3CMT_d30_LJ_M_a43	ABX3CMT_LJ_after
ABX3CMT_d30_LJ_M_a44	ABX3CMT_LJ_after
ABX3CMT_d30_LJ_M_a45	ABX3CMT_LJ_after
ABX3CMT_d30_LJ_M_a46	ABX3CMT_LJ_after
ABX3CMT_d30_LJ_M_a47	ABX3CMT_LJ_after
ABX3CMT_d30_LJ_M_a48	ABX3CMT_LJ_after
ABX3CMT_d30_LJ_M_a49	ABX3CMT_LJ_after
ABX3CMT_d30_LJ_M_a50	ABX3CMT_LJ_after
ABX3CMT_d30_LJ_F_a51	ABX3CMT_LJ_after
ABX3CMT_d30_LJ_F_a52	ABX3CMT_LJ_after
ABX3CMT_d30_LJ_F_a53	ABX3CMT_LJ_after
ABX3CMT_d30_LJ_F_a54	ABX3CMT_LJ_after
ABX3CMT_d30_LJ_F_a55	ABX3CMT_LJ_after
ABX3CMT_d30_LJ_F_a56	ABX3CMT_LJ_after
ABX3CMT_d30_LJ_F_a57	ABX3CMT_LJ_after
ABX3CMT_d30_LJ_F_a58	ABX3CMT_LJ_after
ABX3CMT_d30_LJ_F_a59	ABX3CMT_LJ_after
ABX3CMT_d30_LJ_F_a60	ABX3CMT_LJ_after
ABX3CMT_d60_GR_M_a41	ABX3CMT_GR_after
ABX3CMT_d60_GR_M_a42	ABX3CMT_GR_after
ABX3CMT_d60_GR_M_a43	ABX3CMT_GR_after
ABX3CMT_d60_GR_M_a44	ABX3CMT_GR_after
ABX3CMT_d60_GR_M_a45	ABX3CMT_GR_after
ABX3CMT_d60_GR_M_a46	ABX3CMT_GR_after
ABX3CMT_d60_GR_M_a47	ABX3CMT_GR_after
ABX3CMT_d60_GR_M_a48	ABX3CMT_GR_after
ABX3CMT_d60_GR_M_a49	ABX3CMT_GR_after
ABX3CMT_d60_GR_M_a50	ABX3CMT_GR_after
ABX3CMT_d60_GR_F_a51	ABX3CMT_GR_after
ABX3CMT_d60_GR_F_a52	ABX3CMT_GR_after
ABX3CMT_d60_GR_F_a53	ABX3CMT_GR_after
ABX3CMT_d60_GR_F_a54	ABX3CMT_GR_after
ABX3CMT_d60_GR_F_a55	ABX3CMT_GR_after
ABX3CMT_d60_GR_F_a56	ABX3CMT_GR_after
ABX3CMT_d60_GR_F_a57	ABX3CMT_GR_after
ABX3CMT_d60_GR_F_a58	ABX3CMT_GR_after
ABX3CMT_d60_GR_F_a59	ABX3CMT_GR_after
ABX3CMT_d60_GR_F_a60	ABX3CMT_GR_after
ABX3CMT_d60_LJ_M_a41	ABX3CMT_LJ_after
ABX3CMT_d60_LJ_M_a42	ABX3CMT_LJ_after
ABX3CMT_d60_LJ_M_a43	ABX3CMT_LJ_after
ABX3CMT_d60_LJ_M_a44	ABX3CMT_LJ_after
ABX3CMT_d60_LJ_M_a45	ABX3CMT_LJ_after
ABX3CMT_d60_LJ_M_a46	ABX3CMT_LJ_after
ABX3CMT_d60_LJ_M_a47	ABX3CMT_LJ_after
ABX3CMT_d60_LJ_M_a48	ABX3CMT_LJ_after
ABX3CMT_d60_LJ_M_a49	ABX3CMT_LJ_after
ABX3CMT_d60_LJ_M_a50	ABX3CMT_LJ_after
ABX3CMT_d60_LJ_F_a51	ABX3CMT_LJ_after
ABX3CMT_d60_LJ_F_a52	ABX3CMT_LJ_after
ABX3CMT_d60_LJ_F_a53	ABX3CMT_LJ_after
ABX3CMT_d60_LJ_F_a54	ABX3CMT_LJ_after
ABX3CMT_d60_LJ_F_a55	ABX3CMT_LJ_after
ABX3CMT_d60_LJ_F_a56	ABX3CMT_LJ_after
ABX3CMT_d60_LJ_F_a57	ABX3CMT_LJ_after
ABX3CMT_d60_LJ_F_a58	ABX3CMT_LJ_after
ABX3CMT_d60_LJ_F_a59	ABX3CMT_LJ_after
ABX3CMT_d60_LJ_F_a60	ABX3CMT_LJ_after
ABX3CMT_d-2_GR_M_a41	ABX3CMT_GR_before
ABX3CMT_d-2_GR_M_a42	ABX3CMT_GR_before
ABX3CMT_d-2_GR_M_a43	ABX3CMT_GR_before
ABX3CMT_d-2_GR_M_a44	ABX3CMT_GR_before
ABX3CMT_d-2_GR_M_a45	ABX3CMT_GR_before
ABX3CMT_d-2_GR_M_a46	ABX3CMT_GR_before
ABX3CMT_d-2_GR_M_a47	ABX3CMT_GR_before
ABX3CMT_d-2_GR_M_a48	ABX3CMT_GR_before
ABX3CMT_d-2_GR_M_a49	ABX3CMT_GR_before
ABX3CMT_d-2_GR_M_a50	ABX3CMT_GR_before
ABX3CMT_d-2_GR_F_a51	ABX3CMT_GR_before
ABX3CMT_d-2_GR_F_a52	ABX3CMT_GR_before
ABX3CMT_d-2_GR_F_a53	ABX3CMT_GR_before
ABX3CMT_d-2_GR_F_a54	ABX3CMT_GR_before
ABX3CMT_d-2_GR_F_a55	ABX3CMT_GR_before
ABX3CMT_d-2_GR_F_a56	ABX3CMT_GR_before
ABX3CMT_d-2_GR_F_a57	ABX3CMT_GR_before
ABX3CMT_d-2_GR_F_a58	ABX3CMT_GR_before
ABX3CMT_d-2_GR_F_a59	ABX3CMT_GR_before
ABX3CMT_d-2_GR_F_a60	ABX3CMT_GR_before
ABX3CMT_d-2_LJ_M_a41	ABX3CMT_LJ_before
ABX3CMT_d-2_LJ_M_a42	ABX3CMT_LJ_before
ABX3CMT_d-2_LJ_M_a43	ABX3CMT_LJ_before
ABX3CMT_d-2_LJ_M_a44	ABX3CMT_LJ_before
ABX3CMT_d-2_LJ_M_a45	ABX3CMT_LJ_before
ABX3CMT_d-2_LJ_M_a46	ABX3CMT_LJ_before
ABX3CMT_d-2_LJ_M_a47	ABX3CMT_LJ_before
ABX3CMT_d-2_LJ_M_a48	ABX3CMT_LJ_before
ABX3CMT_d-2_LJ_M_a49	ABX3CMT_LJ_before
ABX3CMT_d-2_LJ_M_a50	ABX3CMT_LJ_before
ABX3CMT_d-2_LJ_F_a51	ABX3CMT_LJ_before
ABX3CMT_d-2_LJ_F_a52	ABX3CMT_LJ_before
ABX3CMT_d-2_LJ_F_a53	ABX3CMT_LJ_before
ABX3CMT_d-2_LJ_F_a54	ABX3CMT_LJ_before
ABX3CMT_d-2_LJ_F_a55	ABX3CMT_LJ_before
ABX3CMT_d-2_LJ_F_a56	ABX3CMT_LJ_before
ABX3CMT_d-2_LJ_F_a57	ABX3CMT_LJ_before
ABX3CMT_d-2_LJ_F_a58	ABX3CMT_LJ_before
ABX3CMT_d-2_LJ_F_a59	ABX3CMT_LJ_before
ABX3CMT_d-2_LJ_F_a60	ABX3CMT_LJ_before
ABX3CMT_d1_GR_M_a41	ABX3CMT_GR_before
ABX3CMT_d1_GR_M_a42	ABX3CMT_GR_before
ABX3CMT_d1_GR_M_a43	ABX3CMT_GR_before
ABX3CMT_d1_GR_M_a44	ABX3CMT_GR_before
ABX3CMT_d1_GR_M_a45	ABX3CMT_GR_before
ABX3CMT_d1_GR_M_a46	ABX3CMT_GR_before
ABX3CMT_d1_GR_M_a47	ABX3CMT_GR_before
ABX3CMT_d1_GR_M_a48	ABX3CMT_GR_before
ABX3CMT_d1_GR_M_a49	ABX3CMT_GR_before
ABX3CMT_d1_GR_M_a50	ABX3CMT_GR_before
ABX3CMT_d1_GR_F_a51	ABX3CMT_GR_before
ABX3CMT_d1_GR_F_a52	ABX3CMT_GR_before
ABX3CMT_d1_GR_F_a53	ABX3CMT_GR_before
ABX3CMT_d1_GR_F_a54	ABX3CMT_GR_before
ABX3CMT_d1_GR_F_a55	ABX3CMT_GR_before
ABX3CMT_d1_GR_F_a56	ABX3CMT_GR_before
ABX3CMT_d1_GR_F_a57	ABX3CMT_GR_before
ABX3CMT_d1_GR_F_a58	ABX3CMT_GR_before
ABX3CMT_d1_GR_F_a59	ABX3CMT_GR_before
ABX3CMT_d1_GR_F_a60	ABX3CMT_GR_before
ABX3CMT_d1_LJ_M_a41	ABX3CMT_LJ_before
ABX3CMT_d1_LJ_M_a42	ABX3CMT_LJ_before
ABX3CMT_d1_LJ_M_a43	ABX3CMT_LJ_before
ABX3CMT_d1_LJ_M_a44	ABX3CMT_LJ_before
ABX3CMT_d1_LJ_M_a45	ABX3CMT_LJ_before
ABX3CMT_d1_LJ_M_a46	ABX3CMT_LJ_before
ABX3CMT_d1_LJ_M_a47	ABX3CMT_LJ_before
ABX3CMT_d1_LJ_M_a48	ABX3CMT_LJ_before
ABX3CMT_d1_LJ_M_a49	ABX3CMT_LJ_before
ABX3CMT_d1_LJ_M_a50	ABX3CMT_LJ_before
ABX3CMT_d1_LJ_F_a51	ABX3CMT_LJ_before
ABX3CMT_d1_LJ_F_a52	ABX3CMT_LJ_before
ABX3CMT_d1_LJ_F_a53	ABX3CMT_LJ_before
ABX3CMT_d1_LJ_F_a54	ABX3CMT_LJ_before
ABX3CMT_d1_LJ_F_a55	ABX3CMT_LJ_before
ABX3CMT_d1_LJ_F_a56	ABX3CMT_LJ_before
ABX3CMT_d1_LJ_F_a57	ABX3CMT_LJ_before
ABX3CMT_d1_LJ_F_a58	ABX3CMT_LJ_before
ABX3CMT_d1_LJ_F_a59	ABX3CMT_LJ_before
ABX3CMT_d1_LJ_F_a60	ABX3CMT_LJ_before
ABX3CMT_d3_GR_M_a41	ABX3CMT_GR_during
ABX3CMT_d3_GR_M_a42	ABX3CMT_GR_during
ABX3CMT_d3_GR_M_a43	ABX3CMT_GR_during
ABX3CMT_d3_GR_M_a44	ABX3CMT_GR_during
ABX3CMT_d3_GR_M_a45	ABX3CMT_GR_during
ABX3CMT_d3_GR_M_a46	ABX3CMT_GR_during
ABX3CMT_d3_GR_M_a47	ABX3CMT_GR_during
ABX3CMT_d3_GR_M_a48	ABX3CMT_GR_during
ABX3CMT_d3_GR_M_a49	ABX3CMT_GR_during
ABX3CMT_d3_GR_M_a50	ABX3CMT_GR_during
ABX3CMT_d3_GR_F_a51	ABX3CMT_GR_during
ABX3CMT_d3_GR_F_a52	ABX3CMT_GR_during
ABX3CMT_d3_GR_F_a53	ABX3CMT_GR_during
ABX3CMT_d3_GR_F_a54	ABX3CMT_GR_during
ABX3CMT_d3_GR_F_a55	ABX3CMT_GR_during
ABX3CMT_d3_GR_F_a56	ABX3CMT_GR_during
ABX3CMT_d3_GR_F_a57	ABX3CMT_GR_during
ABX3CMT_d3_GR_F_a58	ABX3CMT_GR_during
ABX3CMT_d3_GR_F_a59	ABX3CMT_GR_during
ABX3CMT_d3_GR_F_a60	ABX3CMT_GR_during
ABX3CMT_d3_LJ_M_a41	ABX3CMT_LJ_during
ABX3CMT_d3_LJ_M_a42	ABX3CMT_LJ_during
ABX3CMT_d3_LJ_M_a43	ABX3CMT_LJ_during
ABX3CMT_d3_LJ_M_a44	ABX3CMT_LJ_during
ABX3CMT_d3_LJ_M_a45	ABX3CMT_LJ_during
ABX3CMT_d3_LJ_M_a46	ABX3CMT_LJ_during
ABX3CMT_d3_LJ_M_a47	ABX3CMT_LJ_during
ABX3CMT_d3_LJ_M_a48	ABX3CMT_LJ_during
ABX3CMT_d3_LJ_M_a49	ABX3CMT_LJ_during
ABX3CMT_d3_LJ_M_a50	ABX3CMT_LJ_during
ABX3CMT_d3_LJ_F_a51	ABX3CMT_LJ_during
ABX3CMT_d3_LJ_F_a52	ABX3CMT_LJ_during
ABX3CMT_d3_LJ_F_a53	ABX3CMT_LJ_during
ABX3CMT_d3_LJ_F_a54	ABX3CMT_LJ_during
ABX3CMT_d3_LJ_F_a55	ABX3CMT_LJ_during
ABX3CMT_d3_LJ_F_a56	ABX3CMT_LJ_during
ABX3CMT_d3_LJ_F_a57	ABX3CMT_LJ_during
ABX3CMT_d3_LJ_F_a58	ABX3CMT_LJ_during
ABX3CMT_d3_LJ_F_a59	ABX3CMT_LJ_during
ABX3CMT_d3_LJ_F_a60	ABX3CMT_LJ_during
ABX3CMT_d5_GR_M_a41	ABX3CMT_GR_during
ABX3CMT_d5_GR_M_a42	ABX3CMT_GR_during
ABX3CMT_d5_GR_M_a43	ABX3CMT_GR_during
ABX3CMT_d5_GR_M_a44	ABX3CMT_GR_during
ABX3CMT_d5_GR_M_a45	ABX3CMT_GR_during
ABX3CMT_d5_GR_M_a46	ABX3CMT_GR_during
ABX3CMT_d5_GR_M_a47	ABX3CMT_GR_during
ABX3CMT_d5_GR_M_a48	ABX3CMT_GR_during
ABX3CMT_d5_GR_M_a49	ABX3CMT_GR_during
ABX3CMT_d5_GR_M_a50	ABX3CMT_GR_during
ABX3CMT_d5_GR_F_a51	ABX3CMT_GR_during
ABX3CMT_d5_GR_F_a52	ABX3CMT_GR_during
ABX3CMT_d5_GR_F_a53	ABX3CMT_GR_during
ABX3CMT_d5_GR_F_a54	ABX3CMT_GR_during
ABX3CMT_d5_GR_F_a55	ABX3CMT_GR_during
ABX3CMT_d5_GR_F_a56	ABX3CMT_GR_during
ABX3CMT_d5_GR_F_a57	ABX3CMT_GR_during
ABX3CMT_d5_GR_F_a58	ABX3CMT_GR_during
ABX3CMT_d5_GR_F_a59	ABX3CMT_GR_during
ABX3CMT_d5_GR_F_a60	ABX3CMT_GR_during
ABX3CMT_d5_LJ_M_a41	ABX3CMT_LJ_during
ABX3CMT_d5_LJ_M_a42	ABX3CMT_LJ_during
ABX3CMT_d5_LJ_M_a43	ABX3CMT_LJ_during
ABX3CMT_d5_LJ_M_a44	ABX3CMT_LJ_during
ABX3CMT_d5_LJ_M_a45	ABX3CMT_LJ_during
ABX3CMT_d5_LJ_M_a46	ABX3CMT_LJ_during
ABX3CMT_d5_LJ_M_a47	ABX3CMT_LJ_during
ABX3CMT_d5_LJ_M_a48	ABX3CMT_LJ_during
ABX3CMT_d5_LJ_M_a49	ABX3CMT_LJ_during
ABX3CMT_d5_LJ_M_a50	ABX3CMT_LJ_during
ABX3CMT_d5_LJ_F_a51	ABX3CMT_LJ_during
ABX3CMT_d5_LJ_F_a52	ABX3CMT_LJ_during
ABX3CMT_d5_LJ_F_a53	ABX3CMT_LJ_during
ABX3CMT_d5_LJ_F_a54	ABX3CMT_LJ_during
ABX3CMT_d5_LJ_F_a55	ABX3CMT_LJ_during
ABX3CMT_d5_LJ_F_a56	ABX3CMT_LJ_during
ABX3CMT_d5_LJ_F_a57	ABX3CMT_LJ_during
ABX3CMT_d5_LJ_F_a58	ABX3CMT_LJ_during
ABX3CMT_d5_LJ_F_a59	ABX3CMT_LJ_during
ABX3CMT_d5_LJ_F_a60	ABX3CMT_LJ_during
ABX3CMT_d8_GR_M_a41	ABX3CMT_GR_during
ABX3CMT_d8_GR_M_a42	ABX3CMT_GR_during
ABX3CMT_d8_GR_M_a43	ABX3CMT_GR_during
ABX3CMT_d8_GR_M_a44	ABX3CMT_GR_during
ABX3CMT_d8_GR_M_a45	ABX3CMT_GR_during
ABX3CMT_d8_GR_M_a46	ABX3CMT_GR_during
ABX3CMT_d8_GR_M_a47	ABX3CMT_GR_during
ABX3CMT_d8_GR_M_a48	ABX3CMT_GR_during
ABX3CMT_d8_GR_M_a49	ABX3CMT_GR_during
ABX3CMT_d8_GR_M_a50	ABX3CMT_GR_during
ABX3CMT_d8_GR_F_a51	ABX3CMT_GR_during
ABX3CMT_d8_GR_F_a52	ABX3CMT_GR_during
ABX3CMT_d8_GR_F_a53	ABX3CMT_GR_during
ABX3CMT_d8_GR_F_a54	ABX3CMT_GR_during
ABX3CMT_d8_GR_F_a55	ABX3CMT_GR_during
ABX3CMT_d8_GR_F_a56	ABX3CMT_GR_during
ABX3CMT_d8_GR_F_a57	ABX3CMT_GR_during
ABX3CMT_d8_GR_F_a58	ABX3CMT_GR_during
ABX3CMT_d8_GR_F_a59	ABX3CMT_GR_during
ABX3CMT_d8_GR_F_a60	ABX3CMT_GR_during
ABX3CMT_d8_LJ_M_a41	ABX3CMT_LJ_during
ABX3CMT_d8_LJ_M_a42	ABX3CMT_LJ_during
ABX3CMT_d8_LJ_M_a43	ABX3CMT_LJ_during
ABX3CMT_d8_LJ_M_a44	ABX3CMT_LJ_during
ABX3CMT_d8_LJ_M_a45	ABX3CMT_LJ_during
ABX3CMT_d8_LJ_M_a46	ABX3CMT_LJ_during
ABX3CMT_d8_LJ_M_a47	ABX3CMT_LJ_during
ABX3CMT_d8_LJ_M_a48	ABX3CMT_LJ_during
ABX3CMT_d8_LJ_M_a49	ABX3CMT_LJ_during
ABX3CMT_d8_LJ_M_a50	ABX3CMT_LJ_during
ABX3CMT_d8_LJ_F_a51	ABX3CMT_LJ_during
ABX3CMT_d8_LJ_F_a52	ABX3CMT_LJ_during
ABX3CMT_d8_LJ_F_a53	ABX3CMT_LJ_during
ABX3CMT_d8_LJ_F_a54	ABX3CMT_LJ_during
ABX3CMT_d8_LJ_F_a55	ABX3CMT_LJ_during
ABX3CMT_d8_LJ_F_a56	ABX3CMT_LJ_during
ABX3CMT_d8_LJ_F_a57	ABX3CMT_LJ_during
ABX3CMT_d8_LJ_F_a58	ABX3CMT_LJ_during
ABX3CMT_d8_LJ_F_a59	ABX3CMT_LJ_during
ABX3CMT_d8_LJ_F_a60	ABX3CMT_LJ_during
ABX3CMT_d10_GR_M_a41	ABX3CMT_GR_during
ABX3CMT_d10_GR_M_a42	ABX3CMT_GR_during
ABX3CMT_d10_GR_M_a43	ABX3CMT_GR_during
ABX3CMT_d10_GR_M_a44	ABX3CMT_GR_during
ABX3CMT_d10_GR_M_a45	ABX3CMT_GR_during
ABX3CMT_d10_GR_M_a46	ABX3CMT_GR_during
ABX3CMT_d10_GR_M_a47	ABX3CMT_GR_during
ABX3CMT_d10_GR_M_a48	ABX3CMT_GR_during
ABX3CMT_d10_GR_M_a49	ABX3CMT_GR_during
ABX3CMT_d10_GR_M_a50	ABX3CMT_GR_during
ABX3CMT_d10_GR_F_a51	ABX3CMT_GR_during
ABX3CMT_d10_GR_F_a52	ABX3CMT_GR_during
ABX3CMT_d10_GR_F_a53	ABX3CMT_GR_during
ABX3CMT_d10_GR_F_a54	ABX3CMT_GR_during
ABX3CMT_d10_GR_F_a55	ABX3CMT_GR_during
ABX3CMT_d10_GR_F_a56	ABX3CMT_GR_during
ABX3CMT_d10_GR_F_a57	ABX3CMT_GR_during
ABX3CMT_d10_GR_F_a58	ABX3CMT_GR_during
ABX3CMT_d10_GR_F_a59	ABX3CMT_GR_during
ABX3CMT_d10_GR_F_a60	ABX3CMT_GR_during
ABX3CMT_d10_LJ_M_a41	ABX3CMT_LJ_during
ABX3CMT_d10_LJ_M_a42	ABX3CMT_LJ_during
ABX3CMT_d10_LJ_M_a43	ABX3CMT_LJ_during
ABX3CMT_d10_LJ_M_a44	ABX3CMT_LJ_during
ABX3CMT_d10_LJ_M_a45	ABX3CMT_LJ_during
ABX3CMT_d10_LJ_M_a46	ABX3CMT_LJ_during
ABX3CMT_d10_LJ_M_a47	ABX3CMT_LJ_during
ABX3CMT_d10_LJ_M_a48	ABX3CMT_LJ_during
ABX3CMT_d10_LJ_M_a49	ABX3CMT_LJ_during
ABX3CMT_d10_LJ_M_a50	ABX3CMT_LJ_during
ABX3CMT_d10_LJ_F_a51	ABX3CMT_LJ_during
ABX3CMT_d10_LJ_F_a52	ABX3CMT_LJ_during
ABX3CMT_d10_LJ_F_a53	ABX3CMT_LJ_during
ABX3CMT_d10_LJ_F_a54	ABX3CMT_LJ_during
ABX3CMT_d10_LJ_F_a55	ABX3CMT_LJ_during
ABX3CMT_d10_LJ_F_a56	ABX3CMT_LJ_during
ABX3CMT_d10_LJ_F_a57	ABX3CMT_LJ_during
ABX3CMT_d10_LJ_F_a58	ABX3CMT_LJ_during
ABX3CMT_d10_LJ_F_a59	ABX3CMT_LJ_during
ABX3CMT_d10_LJ_F_a60	ABX3CMT_LJ_during
ABX10_d30_GR_M_a21	ABX10_GR_after
ABX10_d30_GR_M_a22	ABX10_GR_after
ABX10_d30_GR_M_a23	ABX10_GR_after
ABX10_d30_GR_M_a24	ABX10_GR_after
ABX10_d30_GR_M_a25	ABX10_GR_after
ABX10_d30_GR_M_a26	ABX10_GR_after
ABX10_d30_GR_M_a27	ABX10_GR_after
ABX10_d30_GR_M_a28	ABX10_GR_after
ABX10_d30_GR_M_a29	ABX10_GR_after
ABX10_d30_GR_M_a30	ABX10_GR_after
ABX10_d30_GR_F_a31	ABX10_GR_after
ABX10_d30_GR_F_a32	ABX10_GR_after
ABX10_d30_GR_F_a33	ABX10_GR_after
ABX10_d30_GR_F_a34	ABX10_GR_after
ABX10_d30_GR_F_a35	ABX10_GR_after
ABX10_d30_GR_F_a36	ABX10_GR_after
ABX10_d30_GR_F_a37	ABX10_GR_after
ABX10_d30_GR_F_a38	ABX10_GR_after
ABX10_d30_GR_F_a39	ABX10_GR_after
ABX10_d30_GR_F_a40	ABX10_GR_after
ABX10_d30_LJ_M_a21	ABX10_LJ_after
ABX10_d30_LJ_M_a22	ABX10_LJ_after
ABX10_d30_LJ_M_a23	ABX10_LJ_after
ABX10_d30_LJ_M_a24	ABX10_LJ_after
ABX10_d30_LJ_M_a25	ABX10_LJ_after
ABX10_d30_LJ_M_a26	ABX10_LJ_after
ABX10_d30_LJ_M_a27	ABX10_LJ_after
ABX10_d30_LJ_M_a28	ABX10_LJ_after
ABX10_d30_LJ_M_a29	ABX10_LJ_after
ABX10_d30_LJ_M_a30	ABX10_LJ_after
ABX10_d30_LJ_F_a31	ABX10_LJ_after
ABX10_d30_LJ_F_a32	ABX10_LJ_after
ABX10_d30_LJ_F_a33	ABX10_LJ_after
ABX10_d30_LJ_F_a34	ABX10_LJ_after
ABX10_d30_LJ_F_a35	ABX10_LJ_after
ABX10_d30_LJ_F_a36	ABX10_LJ_after
ABX10_d30_LJ_F_a37	ABX10_LJ_after
ABX10_d30_LJ_F_a38	ABX10_LJ_after
ABX10_d30_LJ_F_a39	ABX10_LJ_after
ABX10_d30_LJ_F_a40	ABX10_LJ_after
ABX10_d60_GR_M_a21	ABX10_GR_after
ABX10_d60_GR_M_a22	ABX10_GR_after
ABX10_d60_GR_M_a23	ABX10_GR_after
ABX10_d60_GR_M_a24	ABX10_GR_after
ABX10_d60_GR_M_a25	ABX10_GR_after
ABX10_d60_GR_M_a26	ABX10_GR_after
ABX10_d60_GR_M_a27	ABX10_GR_after
ABX10_d60_GR_M_a28	ABX10_GR_after
ABX10_d60_GR_M_a29	ABX10_GR_after
ABX10_d60_GR_M_a30	ABX10_GR_after
ABX10_d60_GR_F_a31	ABX10_GR_after
ABX10_d60_GR_F_a32	ABX10_GR_after
ABX10_d60_GR_F_a33	ABX10_GR_after
ABX10_d60_GR_F_a34	ABX10_GR_after
ABX10_d60_GR_F_a35	ABX10_GR_after
ABX10_d60_GR_F_a36	ABX10_GR_after
ABX10_d60_GR_F_a37	ABX10_GR_after
ABX10_d60_GR_F_a38	ABX10_GR_after
ABX10_d60_GR_F_a39	ABX10_GR_after
ABX10_d60_GR_F_a40	ABX10_GR_after
ABX10_d60_LJ_M_a21	ABX10_LJ_after
ABX10_d60_LJ_M_a22	ABX10_LJ_after
ABX10_d60_LJ_M_a23	ABX10_LJ_after
ABX10_d60_LJ_M_a24	ABX10_LJ_after
ABX10_d60_LJ_M_a25	ABX10_LJ_after
ABX10_d60_LJ_M_a26	ABX10_LJ_after
ABX10_d60_LJ_M_a27	ABX10_LJ_after
ABX10_d60_LJ_M_a29	ABX10_LJ_after
ABX10_d60_LJ_M_a30	ABX10_LJ_after
ABX10_d60_LJ_F_a31	ABX10_LJ_after
ABX10_d60_LJ_F_a33	ABX10_LJ_after
ABX10_d60_LJ_F_a34	ABX10_LJ_after
ABX10_d60_LJ_F_a35	ABX10_LJ_after
ABX10_d60_LJ_F_a36	ABX10_LJ_after
ABX10_d60_LJ_F_a37	ABX10_LJ_after
ABX10_d60_LJ_F_a39	ABX10_LJ_after
ABX10_d60_LJ_F_a40	ABX10_LJ_after
ABX10_d-2_GR_M_a21	ABX10_GR_before
ABX10_d-2_GR_M_a22	ABX10_GR_before
ABX10_d-2_GR_M_a23	ABX10_GR_before
ABX10_d-2_GR_M_a24	ABX10_GR_before
ABX10_d-2_GR_M_a25	ABX10_GR_before
ABX10_d-2_GR_M_a26	ABX10_GR_before
ABX10_d-2_GR_M_a27	ABX10_GR_before
ABX10_d-2_GR_M_a28	ABX10_GR_before
ABX10_d-2_GR_M_a29	ABX10_GR_before
ABX10_d-2_GR_M_a30	ABX10_GR_before
ABX10_d-2_GR_F_a31	ABX10_GR_before
ABX10_d-2_GR_F_a32	ABX10_GR_before
ABX10_d-2_GR_F_a33	ABX10_GR_before
ABX10_d-2_GR_F_a34	ABX10_GR_before
ABX10_d-2_GR_F_a35	ABX10_GR_before
ABX10_d-2_GR_F_a36	ABX10_GR_before
ABX10_d-2_GR_F_a37	ABX10_GR_before
ABX10_d-2_GR_F_a38	ABX10_GR_before
ABX10_d-2_GR_F_a39	ABX10_GR_before
ABX10_d-2_GR_F_a40	ABX10_GR_before
ABX10_d-2_LJ_M_a21	ABX10_LJ_before
ABX10_d-2_LJ_M_a22	ABX10_LJ_before
ABX10_d-2_LJ_M_a23	ABX10_LJ_before
ABX10_d-2_LJ_M_a24	ABX10_LJ_before
ABX10_d-2_LJ_M_a25	ABX10_LJ_before
ABX10_d-2_LJ_M_a26	ABX10_LJ_before
ABX10_d-2_LJ_M_a27	ABX10_LJ_before
ABX10_d-2_LJ_M_a28	ABX10_LJ_before
ABX10_d-2_LJ_M_a29	ABX10_LJ_before
ABX10_d-2_LJ_M_a30	ABX10_LJ_before
ABX10_d-2_LJ_F_a31	ABX10_LJ_before
ABX10_d-2_LJ_F_a32	ABX10_LJ_before
ABX10_d-2_LJ_F_a33	ABX10_LJ_before
ABX10_d-2_LJ_F_a34	ABX10_LJ_before
ABX10_d-2_LJ_F_a35	ABX10_LJ_before
ABX10_d-2_LJ_F_a36	ABX10_LJ_before
ABX10_d-2_LJ_F_a37	ABX10_LJ_before
ABX10_d-2_LJ_F_a38	ABX10_LJ_before
ABX10_d-2_LJ_F_a39	ABX10_LJ_before
ABX10_d-2_LJ_F_a40	ABX10_LJ_before
ABX10_d1_GR_M_a21	ABX10_GR_before
ABX10_d1_GR_M_a22	ABX10_GR_before
ABX10_d1_GR_M_a23	ABX10_GR_before
ABX10_d1_GR_M_a24	ABX10_GR_before
ABX10_d1_GR_M_a25	ABX10_GR_before
ABX10_d1_GR_M_a26	ABX10_GR_before
ABX10_d1_GR_M_a27	ABX10_GR_before
ABX10_d1_GR_M_a28	ABX10_GR_before
ABX10_d1_GR_M_a29	ABX10_GR_before
ABX10_d1_GR_M_a30	ABX10_GR_before
ABX10_d1_GR_F_a31	ABX10_GR_before
ABX10_d1_GR_F_a32	ABX10_GR_before
ABX10_d1_GR_F_a33	ABX10_GR_before
ABX10_d1_GR_F_a34	ABX10_GR_before
ABX10_d1_GR_F_a35	ABX10_GR_before
ABX10_d1_GR_F_a36	ABX10_GR_before
ABX10_d1_GR_F_a37	ABX10_GR_before
ABX10_d1_GR_F_a38	ABX10_GR_before
ABX10_d1_GR_F_a39	ABX10_GR_before
ABX10_d1_GR_F_a40	ABX10_GR_before
ABX10_d1_LJ_M_a21	ABX10_LJ_before
ABX10_d1_LJ_M_a22	ABX10_LJ_before
ABX10_d1_LJ_M_a23	ABX10_LJ_before
ABX10_d1_LJ_M_a24	ABX10_LJ_before
ABX10_d1_LJ_M_a25	ABX10_LJ_before
ABX10_d1_LJ_M_a26	ABX10_LJ_before
ABX10_d1_LJ_M_a27	ABX10_LJ_before
ABX10_d1_LJ_M_a28	ABX10_LJ_before
ABX10_d1_LJ_M_a29	ABX10_LJ_before
ABX10_d1_LJ_M_a30	ABX10_LJ_before
ABX10_d1_LJ_F_a31	ABX10_LJ_before
ABX10_d1_LJ_F_a32	ABX10_LJ_before
ABX10_d1_LJ_F_a33	ABX10_LJ_before
ABX10_d1_LJ_F_a34	ABX10_LJ_before
ABX10_d1_LJ_F_a35	ABX10_LJ_before
ABX10_d1_LJ_F_a36	ABX10_LJ_before
ABX10_d1_LJ_F_a37	ABX10_LJ_before
ABX10_d1_LJ_F_a38	ABX10_LJ_before
ABX10_d1_LJ_F_a39	ABX10_LJ_before
ABX10_d1_LJ_F_a40	ABX10_LJ_before
ABX10_d3_GR_M_a21	ABX10_GR_during
ABX10_d3_GR_M_a22	ABX10_GR_during
ABX10_d3_GR_M_a23	ABX10_GR_during
ABX10_d3_GR_M_a24	ABX10_GR_during
ABX10_d3_GR_M_a25	ABX10_GR_during
ABX10_d3_GR_M_a26	ABX10_GR_during
ABX10_d3_GR_M_a27	ABX10_GR_during
ABX10_d3_GR_M_a28	ABX10_GR_during
ABX10_d3_GR_M_a29	ABX10_GR_during
ABX10_d3_GR_M_a30	ABX10_GR_during
ABX10_d3_GR_F_a31	ABX10_GR_during
ABX10_d3_GR_F_a32	ABX10_GR_during
ABX10_d3_GR_F_a33	ABX10_GR_during
ABX10_d3_GR_F_a34	ABX10_GR_during
ABX10_d3_GR_F_a35	ABX10_GR_during
ABX10_d3_GR_F_a36	ABX10_GR_during
ABX10_d3_GR_F_a37	ABX10_GR_during
ABX10_d3_GR_F_a38	ABX10_GR_during
ABX10_d3_GR_F_a39	ABX10_GR_during
ABX10_d3_GR_F_a40	ABX10_GR_during
ABX10_d3_LJ_M_a21	ABX10_LJ_during
ABX10_d3_LJ_M_a22	ABX10_LJ_during
ABX10_d3_LJ_M_a23	ABX10_LJ_during
ABX10_d3_LJ_M_a24	ABX10_LJ_during
ABX10_d3_LJ_M_a25	ABX10_LJ_during
ABX10_d3_LJ_M_a26	ABX10_LJ_during
ABX10_d3_LJ_M_a27	ABX10_LJ_during
ABX10_d3_LJ_M_a28	ABX10_LJ_during
ABX10_d3_LJ_M_a29	ABX10_LJ_during
ABX10_d3_LJ_M_a30	ABX10_LJ_during
ABX10_d3_LJ_F_a31	ABX10_LJ_during
ABX10_d3_LJ_F_a32	ABX10_LJ_during
ABX10_d3_LJ_F_a33	ABX10_LJ_during
ABX10_d3_LJ_F_a34	ABX10_LJ_during
ABX10_d3_LJ_F_a35	ABX10_LJ_during
ABX10_d3_LJ_F_a36	ABX10_LJ_during
ABX10_d3_LJ_F_a37	ABX10_LJ_during
ABX10_d3_LJ_F_a38	ABX10_LJ_during
ABX10_d3_LJ_F_a39	ABX10_LJ_during
ABX10_d3_LJ_F_a40	ABX10_LJ_during
ABX10_d5_GR_M_a21	ABX10_GR_during
ABX10_d5_GR_M_a22	ABX10_GR_during
ABX10_d5_GR_M_a23	ABX10_GR_during
ABX10_d5_GR_M_a24	ABX10_GR_during
ABX10_d5_GR_M_a25	ABX10_GR_during
ABX10_d5_GR_M_a26	ABX10_GR_during
ABX10_d5_GR_M_a27	ABX10_GR_during
ABX10_d5_GR_M_a28	ABX10_GR_during
ABX10_d5_GR_M_a29	ABX10_GR_during
ABX10_d5_GR_M_a30	ABX10_GR_during
ABX10_d5_GR_F_a31	ABX10_GR_during
ABX10_d5_GR_F_a32	ABX10_GR_during
ABX10_d5_GR_F_a33	ABX10_GR_during
ABX10_d5_GR_F_a34	ABX10_GR_during
ABX10_d5_GR_F_a35	ABX10_GR_during
ABX10_d5_GR_F_a36	ABX10_GR_during
ABX10_d5_GR_F_a37	ABX10_GR_during
ABX10_d5_GR_F_a38	ABX10_GR_during
ABX10_d5_GR_F_a39	ABX10_GR_during
ABX10_d5_GR_F_a40	ABX10_GR_during
ABX10_d5_LJ_M_a21	ABX10_LJ_during
ABX10_d5_LJ_M_a22	ABX10_LJ_during
ABX10_d5_LJ_M_a23	ABX10_LJ_during
ABX10_d5_LJ_M_a24	ABX10_LJ_during
ABX10_d5_LJ_M_a25	ABX10_LJ_during
ABX10_d5_LJ_M_a26	ABX10_LJ_during
ABX10_d5_LJ_M_a27	ABX10_LJ_during
ABX10_d5_LJ_M_a28	ABX10_LJ_during
ABX10_d5_LJ_M_a29	ABX10_LJ_during
ABX10_d5_LJ_M_a30	ABX10_LJ_during
ABX10_d5_LJ_F_a31	ABX10_LJ_during
ABX10_d5_LJ_F_a32	ABX10_LJ_during
ABX10_d5_LJ_F_a33	ABX10_LJ_during
ABX10_d5_LJ_F_a34	ABX10_LJ_during
ABX10_d5_LJ_F_a35	ABX10_LJ_during
ABX10_d5_LJ_F_a36	ABX10_LJ_during
ABX10_d5_LJ_F_a37	ABX10_LJ_during
ABX10_d5_LJ_F_a38	ABX10_LJ_during
ABX10_d5_LJ_F_a39	ABX10_LJ_during
ABX10_d5_LJ_F_a40	ABX10_LJ_during
ABX10_d8_GR_M_a21	ABX10_GR_during
ABX10_d8_GR_M_a22	ABX10_GR_during
ABX10_d8_GR_M_a23	ABX10_GR_during
ABX10_d8_GR_M_a24	ABX10_GR_during
ABX10_d8_GR_M_a25	ABX10_GR_during
ABX10_d8_GR_M_a26	ABX10_GR_during
ABX10_d8_GR_M_a27	ABX10_GR_during
ABX10_d8_GR_M_a28	ABX10_GR_during
ABX10_d8_GR_M_a29	ABX10_GR_during
ABX10_d8_GR_M_a30	ABX10_GR_during
ABX10_d8_GR_F_a31	ABX10_GR_during
ABX10_d8_GR_F_a32	ABX10_GR_during
ABX10_d8_GR_F_a33	ABX10_GR_during
ABX10_d8_GR_F_a34	ABX10_GR_during
ABX10_d8_GR_F_a35	ABX10_GR_during
ABX10_d8_GR_F_a36	ABX10_GR_during
ABX10_d8_GR_F_a37	ABX10_GR_during
ABX10_d8_GR_F_a38	ABX10_GR_during
ABX10_d8_GR_F_a39	ABX10_GR_during
ABX10_d8_GR_F_a40	ABX10_GR_during
ABX10_d8_LJ_M_a21	ABX10_LJ_during
ABX10_d8_LJ_M_a22	ABX10_LJ_during
ABX10_d8_LJ_M_a23	ABX10_LJ_during
ABX10_d8_LJ_M_a24	ABX10_LJ_during
ABX10_d8_LJ_M_a25	ABX10_LJ_during
ABX10_d8_LJ_M_a26	ABX10_LJ_during
ABX10_d8_LJ_M_a27	ABX10_LJ_during
ABX10_d8_LJ_M_a28	ABX10_LJ_during
ABX10_d8_LJ_M_a29	ABX10_LJ_during
ABX10_d8_LJ_M_a30	ABX10_LJ_during
ABX10_d8_LJ_F_a31	ABX10_LJ_during
ABX10_d8_LJ_F_a32	ABX10_LJ_during
ABX10_d8_LJ_F_a33	ABX10_LJ_during
ABX10_d8_LJ_F_a34	ABX10_LJ_during
ABX10_d8_LJ_F_a35	ABX10_LJ_during
ABX10_d8_LJ_F_a36	ABX10_LJ_during
ABX10_d8_LJ_F_a37	ABX10_LJ_during
ABX10_d8_LJ_F_a38	ABX10_LJ_during
ABX10_d8_LJ_F_a39	ABX10_LJ_during
ABX10_d8_LJ_F_a40	ABX10_LJ_during
ABX10_d10_GR_M_a21	ABX10_GR_during
ABX10_d10_GR_M_a22	ABX10_GR_during
ABX10_d10_GR_M_a23	ABX10_GR_during
ABX10_d10_GR_M_a24	ABX10_GR_during
ABX10_d10_GR_M_a25	ABX10_GR_during
ABX10_d10_GR_M_a26	ABX10_GR_during
ABX10_d10_GR_M_a27	ABX10_GR_during
ABX10_d10_GR_M_a28	ABX10_GR_during
ABX10_d10_GR_M_a29	ABX10_GR_during
ABX10_d10_GR_M_a30	ABX10_GR_during
ABX10_d10_GR_F_a31	ABX10_GR_during
ABX10_d10_GR_F_a32	ABX10_GR_during
ABX10_d10_GR_F_a33	ABX10_GR_during
ABX10_d10_GR_F_a34	ABX10_GR_during
ABX10_d10_GR_F_a35	ABX10_GR_during
ABX10_d10_GR_F_a36	ABX10_GR_during
ABX10_d10_GR_F_a37	ABX10_GR_during
ABX10_d10_GR_F_a38	ABX10_GR_during
ABX10_d10_GR_F_a39	ABX10_GR_during
ABX10_d10_GR_F_a40	ABX10_GR_during
ABX10_d10_LJ_M_a21	ABX10_LJ_during
ABX10_d10_LJ_M_a22	ABX10_LJ_during
ABX10_d10_LJ_M_a23	ABX10_LJ_during
ABX10_d10_LJ_M_a24	ABX10_LJ_during
ABX10_d10_LJ_M_a25	ABX10_LJ_during
ABX10_d10_LJ_M_a26	ABX10_LJ_during
ABX10_d10_LJ_M_a27	ABX10_LJ_during
ABX10_d10_LJ_M_a28	ABX10_LJ_during
ABX10_d10_LJ_M_a29	ABX10_LJ_during
ABX10_d10_LJ_M_a30	ABX10_LJ_during
ABX10_d10_LJ_F_a31	ABX10_LJ_during
ABX10_d10_LJ_F_a32	ABX10_LJ_during
ABX10_d10_LJ_F_a33	ABX10_LJ_during
ABX10_d10_LJ_F_a34	ABX10_LJ_during
ABX10_d10_LJ_F_a35	ABX10_LJ_during
ABX10_d10_LJ_F_a36	ABX10_LJ_during
ABX10_d10_LJ_F_a37	ABX10_LJ_during
ABX10_d10_LJ_F_a38	ABX10_LJ_during
ABX10_d10_LJ_F_a39	ABX10_LJ_during
ABX10_d10_LJ_F_a40	ABX10_LJ_during
